{"cameraMode":{"drawMode":0,"name":"Shaded","section":"Shading Mode"},"sceneLighting":true,"audioPlay":false,"sceneViewState":{"m_AlwaysRefresh":false,"showFog":true,"showSkybox":true,"showFlares":true,"showImageEffects":true,"showParticleSystems":true,"showVisualEffectGraphs":true,"m_FxEnabled":true},"in2DMode":false,"pivot":{"x":543.429931640625,"y":255.3462677001953,"z":-12.199987411499024},"rotation":{"x":-0.01349685899913311,"y":0.020098818466067315,"z":0.00027134103584103286,"w":0.9997072219848633},"size":302.3476257324219,"orthographic":false}